{
    "name": "root",
    "gauges": {
        "Car.Policy.Entropy.mean": {
            "value": 1.4181084632873535,
            "min": 1.4157967567443848,
            "max": 1.4189289808273315,
            "count": 190
        },
        "Car.Policy.ExtrinsicValueEstimate.mean": {
            "value": -0.002163853030651808,
            "min": -0.16657593846321106,
            "max": 0.04174618795514107,
            "count": 190
        },
        "Car.Environment.EpisodeLength.mean": {
            "value": 130775.0,
            "min": 829.0,
            "max": 136133.0,
            "count": 69
        },
        "Car.Environment.CumulativeReward.mean": {
            "value": -13.97759684175253,
            "min": -14.51339676976204,
            "max": -1.0066000148653984,
            "count": 69
        },
        "Car.Policy.ExtrinsicReward.mean": {
            "value": -13.97759684175253,
            "min": -14.51339676976204,
            "max": -1.0066000148653984,
            "count": 69
        },
        "Car.Losses.PolicyLoss.mean": {
            "value": 0.02720405258296523,
            "min": 0.016547187696232868,
            "max": 0.03090137873077765,
            "count": 190
        },
        "Car.Losses.ValueLoss.mean": {
            "value": 1.773130111359933e-05,
            "min": 1.341010656688013e-05,
            "max": 0.023494375590234994,
            "count": 190
        },
        "Car.Policy.LearningRate.mean": {
            "value": 2.432273192429e-05,
            "min": 2.432273192429e-05,
            "max": 2.9975091083030007e-05,
            "count": 190
        },
        "Car.Policy.Epsilon.mean": {
            "value": 0.18107571,
            "min": 0.18107571,
            "max": 0.19991697000000003,
            "count": 190
        },
        "Car.Policy.Beta.mean": {
            "value": 0.0008126495290000001,
            "min": 0.0008126495290000001,
            "max": 0.000999178003,
            "count": 190
        },
        "Car.IsTraining.mean": {
            "value": 1.0,
            "min": 1.0,
            "max": 1.0,
            "count": 190
        }
    },
    "metadata": {
        "timer_format_version": "0.1.0",
        "start_time_seconds": "1615990058",
        "python_version": "3.8.7 (tags/v3.8.7:6503f05, Dec 21 2020, 17:59:51) [MSC v.1928 64 bit (AMD64)]",
        "command_line_arguments": "C:\\Users\\bioba\\AppData\\Local\\Programs\\Python\\Python38\\Scripts\\mlagents-learn .\\racer.yaml --run-id=RacerCont4 --time-scale=50",
        "mlagents_version": "0.23.0",
        "mlagents_envs_version": "0.23.0",
        "communication_protocol_version": "1.3.0",
        "pytorch_version": "1.7.0+cu110",
        "numpy_version": "1.18.5",
        "end_time_seconds": "1615998324"
    },
    "total": 8265.7019953,
    "count": 1,
    "self": 0.004441999999471591,
    "children": {
        "run_training.setup": {
            "total": 0.004873899999999987,
            "count": 1,
            "self": 0.004873899999999987
        },
        "TrainerController.start_learning": {
            "total": 8265.692679400001,
            "count": 1,
            "self": 29.41990289984642,
            "children": {
                "TrainerController._reset_env": {
                    "total": 34.561210800000005,
                    "count": 1,
                    "self": 34.561210800000005
                },
                "TrainerController.advance": {
                    "total": 8201.655590800156,
                    "count": 1906876,
                    "self": 13.61290680017919,
                    "children": {
                        "env_step": {
                            "total": 8188.042683999976,
                            "count": 1906876,
                            "self": 5552.491688099639,
                            "children": {
                                "SubprocessEnvManager._take_step": {
                                    "total": 2620.7834511000224,
                                    "count": 1906876,
                                    "self": 69.90273859984745,
                                    "children": {
                                        "TorchPolicy.evaluate": {
                                            "total": 2550.880712500175,
                                            "count": 1906876,
                                            "self": 1135.216520900211,
                                            "children": {
                                                "TorchPolicy.sample_actions": {
                                                    "total": 1415.664191599964,
                                                    "count": 1906876,
                                                    "self": 1415.664191599964
                                                }
                                            }
                                        }
                                    }
                                },
                                "workers": {
                                    "total": 14.767544800315441,
                                    "count": 1906875,
                                    "self": 0.0,
                                    "children": {
                                        "worker_root": {
                                            "total": 8200.809168399865,
                                            "count": 1906875,
                                            "is_parallel": true,
                                            "self": 3723.2091960999733,
                                            "children": {
                                                "steps_from_proto": {
                                                    "total": 0.00025810000000348055,
                                                    "count": 1,
                                                    "is_parallel": true,
                                                    "self": 6.609999999085403e-05,
                                                    "children": {
                                                        "_process_vector_observation": {
                                                            "total": 0.00019200000001262651,
                                                            "count": 6,
                                                            "is_parallel": true,
                                                            "self": 0.00019200000001262651
                                                        }
                                                    }
                                                },
                                                "UnityEnvironment.step": {
                                                    "total": 4477.599714199891,
                                                    "count": 1906875,
                                                    "is_parallel": true,
                                                    "self": 69.9299874997123,
                                                    "children": {
                                                        "UnityEnvironment._generate_step_input": {
                                                            "total": 161.06039839985726,
                                                            "count": 1906875,
                                                            "is_parallel": true,
                                                            "self": 161.06039839985726
                                                        },
                                                        "communicator.exchange": {
                                                            "total": 3916.210170800452,
                                                            "count": 1906875,
                                                            "is_parallel": true,