{
    "name": "root",
    "metadata": {
        "timer_format_version": "0.1.0",
        "start_time_seconds": "1615990014",
        "python_version": "3.8.7 (tags/v3.8.7:6503f05, Dec 21 2020, 17:59:51) [MSC v.1928 64 bit (AMD64)]",
        "command_line_arguments": "C:\\Users\\bioba\\AppData\\Local\\Programs\\Python\\Python38\\Scripts\\mlagents-learn .\\racer.yaml --run-id=RacerCont3 --time-scale=50 --resume",
        "mlagents_version": "0.23.0",
        "mlagents_envs_version": "0.23.0",
        "communication_protocol_version": "1.3.0",
        "pytorch_version": "1.7.0+cu110",
        "numpy_version": "1.18.5",
        "end_time_seconds": "1615990031"
    },
    "total": 16.8088404,
    "count": 1,
    "self": 0.0030746999999990976,
    "children": {
        "run_training.setup": {
            "total": 0.008604500000000015,
            "count": 1,
            "self": 0.008604500000000015
        },
        "TrainerController.start_learning": {
            "total": 16.7971612,
            "count": 1,
            "self": 0.03799180000000035,
            "children": {
                "TrainerController._reset_env": {
                    "total": 6.7374256,
                    "count": 1,
                    "self": 6.7374256
                },
                "TrainerController.advance": {
                    "total": 9.968398400000002,
                    "count": 2334,
                    "self": 0.014103799999981348,
                    "children": {
                        "env_step": {
                            "total": 9.95429460000002,
                            "count": 2334,
                            "self": 6.973219000000048,
                            "children": {
                                "SubprocessEnvManager._take_step": {
                                    "total": 2.9659960999999804,
                                    "count": 2334,
                                    "self": 0.07598689999995756,
                                    "children": {
                                        "TorchPolicy.evaluate": {
                                            "total": 2.890009200000023,
                                            "count": 2334,
                                            "self": 0.8770055000000259,
                                            "children": {
                                                "TorchPolicy.sample_actions": {
                                                    "total": 2.013003699999997,
                                                    "count": 2334,
                                                    "self": 2.013003699999997
                                                }
                                            }
                                        }
                                    }
                                },
                                "workers": {
                                    "total": 0.015079499999991697,
                                    "count": 2333,
                                    "self": 0.0,
                                    "children": {
                                        "worker_root": {
                                            "total": 10.835364800000029,
                                            "count": 2333,
                                            "is_parallel": true,
                                            "self": 4.950924000000012,
                                            "children": {
                                                "steps_from_proto": {
                                                    "total": 0.00024529999999955976,
                                                    "count": 1,
                                                    "is_parallel": true,
                                                    "self": 6.410000000034444e-05,
                                                    "children": {
                                                        "_process_vector_observation": {
                                                            "total": 0.00018119999999921532,
                                                            "count": 6,
                                                            "is_parallel": true,
                                                            "self": 0.00018119999999921532
                                                        }
                                                    }
                                                },
                                                "UnityEnvironment.step": {
                                                    "total": 5.8841955000000175,
                                                    "count": 2333,
                                                    "is_parallel": true,
                                                    "self": 0.08186969999993376,
                                                    "children": {
                                                        "UnityEnvironment._generate_step_input": {
                                                            "total": 0.1824077000000024,
                                                            "count": 2333,
                                                            "is_parallel": true,
                                                            "self": 0.1824077000000024
                                                        },
                                                        "communicator.exchange": {
                                                            "total": 5.239669999999989,
                                                            "count": 2333,
                                                            "is_parallel": true,
                                                            "self": 5.239669999999989
                                                        },
                                                        "steps_from_proto": {
                                                            "total": 0.38024810000009257,
                                                            "count": 2333,
                                                            "is_parallel": true,
                                                            "self": 0.12184530000004923,
                                                            "children": {
                                                                "_process_vector_observation": {
                                                                    "total": 0.25840280000004334,
                                                                    "count": 13998,
                                                                    "is_parallel": true,
                                                                    "self": 0.25840280000004334
                                                                }
                                                            }
                                                        }
                                                    }
                                                }
                                            }
                                        }
                                    }
                                }
                            }
                        }
                    }
                },
                "trainer_threads": {
                    "total": 1.2400000002799061e-05,
                    "count": 1,
                    "self": 1.2400000002799061e-05,
                    "children": {
                        "thread_root": {
                            "total": 0.0,
                            "count": 0,
                            "is_parallel": true,
                            "self": 0.0,