{
    "name": "root",
    "gauges": {
        "Car.Policy.Entropy.mean": {
            "value": 1.1420964002609253,
            "min": 1.1420964002609253,
            "max": 2.1467678546905518,
            "count": 10
        },
        "Car.Policy.ExtrinsicValueEstimate.mean": {
            "value": 0.2667192220687866,
            "min": -0.020737983286380768,
            "max": 0.2667192220687866,
            "count": 10
        },
        "Car.Environment.EpisodeLength.mean": {
            "value": 1312.162162162162,
            "min": 311.725,
            "max": 7488.285714285715,
            "count": 10
        },
        "Car.Environment.CumulativeReward.mean": {
            "value": 3.7174323428472555,
            "min": -1.027616668290769,
            "max": 5.139272310032413,
            "count": 10
        },
        "Car.Policy.ExtrinsicReward.mean": {
            "value": 3.7174323428472555,
            "min": -1.027616668290769,
            "max": 5.139272310032413,
            "count": 10
        },
        "Car.Losses.PolicyLoss.mean": {
            "value": 0.021424521372343106,
            "min": 0.021424521372343106,
            "max": 0.02577646369269738,
            "count": 10
        },
        "Car.Losses.ValueLoss.mean": {
            "value": 0.005443474774559339,
            "min": 0.0017095005252243326,
            "max": 0.03841418845889469,
            "count": 10
        },
        "Car.Policy.LearningRate.mean": {
            "value": 1.6483174505639995e-05,
            "min": 1.6483174505639995e-05,
            "max": 0.00028459380513539995,
            "count": 10
        },
        "Car.Policy.Epsilon.mean": {
            "value": 0.10549436000000001,
            "min": 0.10549436000000001,
            "max": 0.1948646,
            "count": 10
        },
        "Car.Policy.Beta.mean": {
            "value": 0.000284168564,
            "min": 0.000284168564,
            "max": 0.00474374354,
            "count": 10
        },
        "Car.IsTraining.mean": {
            "value": 1.0,
            "min": 1.0,
            "max": 1.0,
            "count": 10
        }
    },
    "metadata": {
        "timer_format_version": "0.1.0",
        "start_time_seconds": "1615587642",
        "python_version": "3.8.7 (tags/v3.8.7:6503f05, Dec 21 2020, 17:59:51) [MSC v.1928 64 bit (AMD64)]",
        "command_line_arguments": "C:\\Users\\bioba\\AppData\\Local\\Programs\\Python\\Python38\\Scripts\\mlagents-learn .\\racer disc.yaml --run-id=RacerDisc4",
        "mlagents_version": "0.23.0",
        "mlagents_envs_version": "0.23.0",
        "communication_protocol_version": "1.3.0",
        "pytorch_version": "1.7.0+cu110",
        "numpy_version": "1.18.5",
        "end_time_seconds": "1615591108"
    },
    "total": 3465.8926354,
    "count": 1,
    "self": 0.01638309999998455,
    "children": {
        "run_training.setup": {
            "total": 0.022721199999999886,
            "count": 1,
            "self": 0.022721199999999886
        },
        "TrainerController.start_learning": {
            "total": 3465.8535311,
            "count": 1,
            "self": 8.759353400125292,
            "children": {
                "TrainerController._reset_env": {
                    "total": 7.2846285,
                    "count": 1,
                    "self": 7.2846285
                },
                "TrainerController.advance": {
                    "total": 3449.754699399875,
                    "count": 500022,
                    "self": 3.6946680000128254,
                    "children": {
                        "env_step": {
                            "total": 3446.060031399862,
                            "count": 500022,
                            "self": 2167.0759920999662,
                            "children": {
                                "SubprocessEnvManager._take_step": {
                                    "total": 1274.891062300072,
                                    "count": 500022,
                                    "self": 18.807111000073974,
                                    "children": {
                                        "TorchPolicy.evaluate": {
                                            "total": 1256.083951299998,
                                            "count": 500022,
                                            "self": 402.99468399979287,
                                            "children": {
                                                "TorchPolicy.sample_actions": {
                                                    "total": 853.0892673002052,
                                                    "count": 500022,
                                                    "self": 853.0892673002052
                                                }
                                            }
                                        }
                                    }
                                },
                                "workers": {
                                    "total": 4.0929769998239,
                                    "count": 500022,
                                    "self": 0.0,
                                    "children": {
                                        "worker_root": {
                                            "total": 3451.0887325001536,
                                            "count": 500022,
                                            "is_parallel": true,
                                            "self": 1607.621454400067,
                                            "children": {
                                                "steps_from_proto": {
                                                    "total": 0.0003575000000006767,
                                                    "count": 1,
                                                    "is_parallel": true,
                                                    "self": 0.00013540000000045183,
                                                    "children": {
                                                        "_process_vector_observation": {
                                                            "total": 0.0002221000000002249,
                                                            "count": 6,
                                                            "is_parallel": true,
                                                            "self": 0.0002221000000002249
                                                        }
                                                    }
                                                },
                                                "UnityEnvironment.step": {
                                                    "total": 1843.4669206000865,
                                                    "count": 500022,
                                                    "is_parallel": true,
                                                    "self": 24.074616799852492,
                                                    "children": {
                                                        "UnityEnvironment._generate_step_input": {
                                                            "total": 47.305643700046225,
                                                            "count": 500022,
                                                            "is_parallel": true,
                                                            "self": 47.305643700046225
                                                        },
                                                        "communicator.exchange": {
                                                            "total": 1661.3090871000452,
                                                            "count": 500022,
                                                            "is_parallel": true,