{
    "name": "root",
    "metadata": {
        "timer_format_version": "0.1.0",
        "start_time_seconds": "1615989796",
        "python_version": "3.8.7 (tags/v3.8.7:6503f05, Dec 21 2020, 17:59:51) [MSC v.1928 64 bit (AMD64)]",
        "command_line_arguments": "C:\\Users\\bioba\\AppData\\Local\\Programs\\Python\\Python38\\Scripts\\mlagents-learn .\\racer.yaml --run-id=RacerCont1",
        "mlagents_version": "0.23.0",
        "mlagents_envs_version": "0.23.0",
        "communication_protocol_version": "1.3.0",
        "pytorch_version": "1.7.0+cu110",
        "numpy_version": "1.18.5",
        "end_time_seconds": "1615989808"
    },
    "total": 12.436321200000002,
    "count": 1,
    "self": 0.003293600000002783,
    "children": {
        "run_training.setup": {
            "total": 0.020410799999999618,
            "count": 1,
            "self": 0.020410799999999618
        },
        "TrainerController.start_learning": {
            "total": 12.412616799999999,
            "count": 1,
            "self": 0.022284999999993005,
            "children": {
                "TrainerController._reset_env": {
                    "total": 6.535725800000001,
                    "count": 1,
                    "self": 6.535725800000001
                },
                "TrainerController.advance": {
                    "total": 5.771573200000008,
                    "count": 1101,
                    "self": 0.0071753000000196465,
                    "children": {
                        "env_step": {
                            "total": 5.764397899999988,
                            "count": 1101,
                            "self": 3.3612915999999657,
                            "children": {
                                "SubprocessEnvManager._take_step": {
                                    "total": 2.396074900000004,
                                    "count": 1101,
                                    "self": 0.03743519999999734,
                                    "children": {
                                        "TorchPolicy.evaluate": {
                                            "total": 2.3586397000000066,
                                            "count": 1101,
                                            "self": 0.43338350000001213,
                                            "children": {
                                                "TorchPolicy.sample_actions": {
                                                    "total": 1.9252561999999944,
                                                    "count": 1101,
                                                    "self": 1.9252561999999944
                                                }
                                            }
                                        }
                                    }
                                },
                                "workers": {
                                    "total": 0.007031400000018451,
                                    "count": 1100,
                                    "self": 0.0,
                                    "children": {
                                        "worker_root": {
                                            "total": 7.544646399999983,
                                            "count": 1100,
                                            "is_parallel": true,
                                            "self": 4.704527199999965,
                                            "children": {
                                                "steps_from_proto": {
                                                    "total": 0.00030949999999929645,
                                                    "count": 1,
                                                    "is_parallel": true,
                                                    "self": 6.930000000071601e-05,
                                                    "children": {
                                                        "_process_vector_observation": {
                                                            "total": 0.00024019999999858044,
                                                            "count": 6,
                                                            "is_parallel": true,
                                                            "self": 0.00024019999999858044
                                                        }
                                                    }
                                                },
                                                "UnityEnvironment.step": {
                                                    "total": 2.8398097000000186,
                                                    "count": 1100,
                                                    "is_parallel": true,
                                                    "self": 0.03800280000003298,
                                                    "children": {
                                                        "UnityEnvironment._generate_step_input": {
                                                            "total": 0.08627340000000139,
                                                            "count": 1100,
                                                            "is_parallel": true,
                                                            "self": 0.08627340000000139
                                                        },
                                                        "communicator.exchange": {
                                                            "total": 2.531363699999978,
                                                            "count": 1100,
                                                            "is_parallel": true,
                                                            "self": 2.531363699999978
                                                        },
                                                        "steps_from_proto": {
                                                            "total": 0.1841698000000065,
                                                            "count": 1100,
                                                            "is_parallel": true,
                                                            "self": 0.059471900000018785,
                                                            "children": {
                                                                "_process_vector_observation": {
                                                                    "total": 0.1246978999999877,
                                                                    "count": 6600,
                                                                    "is_parallel": true,
                                                                    "self": 0.1246978999999877
                                                                }
                                                            }
                                                        }
                                                    }
                                                }
                                            }
                                        }
                                    }
                                }
                            }
                        }
                    }
                },
                "trainer_threads": {
                    "total": 1.3299999999105694e-05,
                    "count": 1,
                    "self": 1.3299999999105694e-05,
                    "children": {
                        "thread_root": {
                            "total": 0.0,
                            "count": 0,
                            "is_parallel": true,
                            "self": 0.0,