{
    "name": "root",
    "gauges": {
        "Car.Policy.Entropy.mean": {
            "value": 1.4258570671081543,
            "min": 1.4163984060287476,
            "max": 1.4263081550598145,
            "count": 158
        },
        "Car.Policy.ExtrinsicValueEstimate.mean": {
            "value": -0.01402814220637083,
            "min": -0.09841769188642502,
            "max": 0.10445201396942139,
            "count": 158
        },
        "Car.Policy.CuriosityValueEstimate.mean": {
            "value": 0.18140347301959991,
            "min": -0.24265216290950775,
            "max": 0.20089885592460632,
            "count": 158
        },
        "Car.Environment.EpisodeLength.mean": {
            "value": 8227.333333333334,
            "min": 343.4,
            "max": 132685.0,
            "count": 99
        },
        "Car.Environment.CumulativeReward.mean": {
            "value": -1.789399857322375,
            "min": -14.268496736884117,
            "max": -1.0169999834436636,
            "count": 99
        },
        "Car.Policy.ExtrinsicReward.mean": {
            "value": -1.789399857322375,
            "min": -14.268496736884117,
            "max": -1.0169999834436636,
            "count": 99
        },
        "Car.Policy.CuriosityReward.mean": {
            "value": 16.267828057209652,
            "min": 0.24766332446597517,
            "max": 99.45957149751484,
            "count": 99
        },
        "Car.Losses.PolicyLoss.mean": {
            "value": 0.01780559788458049,
            "min": 0.017308565857820212,
            "max": 0.03154826366808265,
            "count": 158
        },
        "Car.Losses.ValueLoss.mean": {
            "value": 7.545603493781527e-05,
            "min": 3.176723707838391e-05,
            "max": 0.016473689302802085,
            "count": 158
        },
        "Car.Policy.LearningRate.mean": {
            "value": 2.9056405345325997e-05,
            "min": 2.9056405345325997e-05,
            "max": 2.9994965416782e-05,
            "count": 158
        },
        "Car.Policy.Epsilon.mean": {
            "value": 0.196854674,
            "min": 0.196854674,
            "max": 0.19998321800000002,
            "count": 158
        },
        "Car.Policy.Beta.mean": {
            "value": 0.0009688612725999999,
            "min": 0.0009688612725999999,
            "max": 0.0009998338581999999,
            "count": 158
        },
        "Car.Losses.CuriosityForwardLoss.mean": {
            "value": 0.10255482848733663,
            "min": 0.002218055963749066,
            "max": 0.5681141600012779,
            "count": 158
        },
        "Car.Losses.CuriosityInverseLoss.mean": {
            "value": 1.8189256966114045,
            "min": 1.481232413649559,
            "max": 2.168216180801392,
            "count": 158
        },
        "Car.IsTraining.mean": {
            "value": 1.0,
            "min": 1.0,
            "max": 1.0,
            "count": 158
        }
    },
    "metadata": {
        "timer_format_version": "0.1.0",
        "start_time_seconds": "1615379952",
        "python_version": "3.8.7 (tags/v3.8.7:6503f05, Dec 21 2020, 17:59:51) [MSC v.1928 64 bit (AMD64)]",
        "command_line_arguments": "C:\\Users\\bioba\\AppData\\Local\\Programs\\Python\\Python38\\Scripts\\mlagents-learn .\\racer.yaml --run-id=Racer4",
        "mlagents_version": "0.23.0",
        "mlagents_envs_version": "0.23.0",
        "communication_protocol_version": "1.3.0",
        "pytorch_version": "1.7.0+cu110",
        "numpy_version": "1.18.5",
        "end_time_seconds": "1615386310"
    },
    "total": 6358.673300799999,
    "count": 1,
    "self": 0.0034213999988423893,
    "children": {
        "run_training.setup": {
            "total": 0.004881499999999983,
            "count": 1,
            "self": 0.004881499999999983
        },
        "TrainerController.start_learning": {
            "total": 6358.6649979,
            "count": 1,
            "self": 20.48349880071055,
            "children": {
                "TrainerController._reset_env": {
                    "total": 9.2721845,
                    "count": 1,
                    "self": 9.2721845
                },
                "TrainerController.advance": {
                    "total": 6328.860794099291,
                    "count": 1580801,
                    "self": 9.758288999097203,
                    "children": {
                        "env_step": {
                            "total": 6319.102505100193,
                            "count": 1580801,
                            "self": 4488.105271599835,
                            "children": {
                                "SubprocessEnvManager._take_step": {
                                    "total": 1820.4716724997188,
                                    "count": 1580801,
                                    "self": 50.56423320007525,
                                    "children": {
                                        "TorchPolicy.evaluate": {
                                            "total": 1769.9074392996436,
                                            "count": 1580801,
                                            "self": 652.5080071997861,
                                            "children": {
                                                "TorchPolicy.sample_actions": {
                                                    "total": 1117.3994320998574,
                                                    "count": 1580801,
                                                    "self": 1117.3994320998574
                                                }
                                            }
                                        }
                                    }
                                },
                                "workers": {
                                    "total": 10.525561000639467,
                                    "count": 1580800,
                                    "self": 0.0,
                                    "children": {
                                        "worker_root": {
                                            "total": 6327.425863299812,
                                            "count": 1580800,
                                            "is_parallel": true,
                                            "self": 2716.663298500269,
                                            "children": {
                                                "steps_from_proto": {
                                                    "total": 0.00029940000000117095,
                                                    "count": 1,
                                                    "is_parallel": true,
                                                    "self": 6.999999999734996e-05,
                                                    "children": {
                                                        "_process_vector_observation": {
                                                            "total": 0.000229400000003821,
                                                            "count": 6,
                                                            "is_parallel": true,
                                                            "self": 0.000229400000003821
                                                        }
                                                    }
                                                },
                                                "UnityEnvironment.step": {
                                                    "total": 3610.7622653995427,
                                                    "count": 1580800,
                                                    "is_parallel": true,
                                                    "self": 54.73770329980789,