{
    "name": "root",
    "gauges": {
        "Car.Policy.Entropy.mean": {
            "value": 0.7526089549064636,
            "min": 0.6959829926490784,
            "max": 2.1167922019958496,
            "count": 451
        },
        "Car.IsTraining.mean": {
            "value": 1.0,
            "min": 1.0,
            "max": 1.0,
            "count": 451
        },
        "Car.Policy.ExtrinsicValueEstimate.mean": {
            "value": 0.05076171085238457,
            "min": -0.0197608582675457,
            "max": 0.055756986141204834,
            "count": 450
        },
        "Car.Losses.PolicyLoss.mean": {
            "value": 0.04927047401511421,
            "min": 0.03946038077378439,
            "max": 0.05496012997813523,
            "count": 450
        },
        "Car.Losses.ValueLoss.mean": {
            "value": 0.0014411206655495336,
            "min": 2.6124888797261922e-06,
            "max": 0.005277184806618606,
            "count": 450
        },
        "Car.Policy.LearningRate.mean": {
            "value": 3.186989409999963e-08,
            "min": 3.186989409999963e-08,
            "max": 2.696678811074e-05,
            "count": 450
        },
        "Car.Policy.Epsilon.mean": {
            "value": 0.10010590000000001,
            "min": 0.10010590000000001,
            "max": 0.18988926000000003,
            "count": 450
        },
        "Car.Policy.Beta.mean": {
            "value": 1.104840999999999e-05,
            "min": 1.104840999999999e-05,
            "max": 0.0008999036740000001,
            "count": 450
        },
        "Car.Environment.EpisodeLength.mean": {
            "value": 3546.0,
            "min": 763.4615384615385,
            "max": 53274.0,
            "count": 403
        },
        "Car.Environment.CumulativeReward.mean": {
            "value": 9.245399296283722,
            "min": -5.827398680150509,
            "max": 10.111299246549606,
            "count": 402
        },
        "Car.Policy.ExtrinsicReward.mean": {
            "value": 9.245399296283722,
            "min": -5.827398680150509,
            "max": 10.111299246549606,
            "count": 402
        }
    },
    "metadata": {
        "timer_format_version": "0.1.0",
        "start_time_seconds": "1615654538",
        "python_version": "3.8.7 (tags/v3.8.7:6503f05, Dec 21 2020, 17:59:51) [MSC v.1928 64 bit (AMD64)]",
        "command_line_arguments": "C:\\Users\\bioba\\AppData\\Local\\Programs\\Python\\Python38\\Scripts\\mlagents-learn .\\racer disc.yaml --run-id=RacerDisc6 --resume",
        "mlagents_version": "0.23.0",
        "mlagents_envs_version": "0.23.0",
        "communication_protocol_version": "1.3.0",
        "pytorch_version": "1.7.0+cu110",
        "numpy_version": "1.18.5",
        "end_time_seconds": "1615682823"
    },
    "total": 28284.252048000002,
    "count": 1,
    "self": 0.02417520000381046,
    "children": {
        "run_training.setup": {
            "total": 0.004477399999999965,
            "count": 1,
            "self": 0.004477399999999965
        },
        "TrainerController.start_learning": {
            "total": 28284.223395399997,
            "count": 1,
            "self": 62.63641080186426,
            "children": {
                "TrainerController._reset_env": {
                    "total": 7.8267216,
                    "count": 1,
                    "self": 7.8267216
                },
                "TrainerController.advance": {
                    "total": 28213.706974998135,
                    "count": 4500258,
                    "self": 30.50228560051619,
                    "children": {
                        "env_step": {
                            "total": 28183.20468939762,
                            "count": 4500258,
                            "self": 18772.053482297615,
                            "children": {
                                "SubprocessEnvManager._take_step": {
                                    "total": 9379.218743500664,
                                    "count": 4500258,
                                    "self": 147.31251070180042,
                                    "children": {
                                        "TorchPolicy.evaluate": {
                                            "total": 9231.906232798863,
                                            "count": 4500258,
                                            "self": 2632.988249397892,
                                            "children": {
                                                "TorchPolicy.sample_actions": {
                                                    "total": 6598.917983400971,
                                                    "count": 4500258,
                                                    "self": 6598.917983400971
                                                }
                                            }
                                        }
                                    }
                                },
                                "workers": {
                                    "total": 31.932463599340153,
                                    "count": 4500258,
                                    "self": 0.0,
                                    "children": {
                                        "worker_root": {
                                            "total": 28205.399733595426,
                                            "count": 4500258,
                                            "is_parallel": true,
                                            "self": 11807.19910939661,
                                            "children": {
                                                "steps_from_proto": {
                                                    "total": 0.00031549999999924694,
                                                    "count": 1,
                                                    "is_parallel": true,
                                                    "self": 0.0001259000000004562,
                                                    "children": {
                                                        "_process_vector_observation": {
                                                            "total": 0.00018959999999879074,
                                                            "count": 6,
                                                            "is_parallel": true,
                                                            "self": 0.00018959999999879074
                                                        }
                                                    }
                                                },
                                                "UnityEnvironment.step": {
                                                    "total": 16398.200308698815,
                                                    "count": 4500258,
                                                    "is_parallel": true,
                                                    "self": 167.30688089702744,
                                                    "children": {
                                                        "UnityEnvironment._generate_step_input": {
                                                            "total": 360.8937872026746,
                                                            "count": 4500258,
                                                            "is_parallel": true,
                                                            "self": 360.8937872026746
                                                        },
                                                        "communicator.exchange": {
                                                            "total": 14952.566309499925,
                                                            "count": 4500258,
                                                            "is_parallel": true,