{
    "name": "root",
    "gauges": {
        "Car.Policy.Entropy.mean": {
            "value": 0.6087453961372375,
            "min": 0.457111656665802,
            "max": 2.0146749019622803,
            "count": 344
        },
        "Car.IsTraining.mean": {
            "value": 1.0,
            "min": 1.0,
            "max": 1.0,
            "count": 344
        },
        "Car.Policy.ExtrinsicValueEstimate.mean": {
            "value": -0.001472502131946385,
            "min": -0.24586531519889832,
            "max": 0.056625477969646454,
            "count": 343
        },
        "Car.Losses.PolicyLoss.mean": {
            "value": 0.04633595496623052,
            "min": 0.03749177093721098,
            "max": 0.0547385199331782,
            "count": 343
        },
        "Car.Losses.ValueLoss.mean": {
            "value": 3.33371416729733e-07,
            "min": 1.6411317426011527e-08,
            "max": 0.0263060539423653,
            "count": 343
        },
        "Car.Policy.LearningRate.mean": {
            "value": 2.4944895650404e-05,
            "min": 2.4944895650404e-05,
            "max": 2.69966843610855e-05,
            "count": 343
        },
        "Car.Policy.Epsilon.mean": {
            "value": 0.18314959600000003,
            "min": 0.18314959600000003,
            "max": 0.1899889145,
            "count": 343
        },
        "Car.Policy.Beta.mean": {
            "value": 0.0008331810004,
            "min": 0.0008331810004,
            "max": 0.0009008902535499999,
            "count": 343
        },
        "Car.Environment.EpisodeLength.mean": {
            "value": 5278.5,
            "min": 2033.8,
            "max": 5311.5,
            "count": 72
        },
        "Car.Environment.CumulativeReward.mean": {
            "value": 13.172149091959,
            "min": 4.539749674499035,
            "max": 13.176498904824257,
            "count": 72
        },
        "Car.Policy.ExtrinsicReward.mean": {
            "value": 13.172149091959,
            "min": 4.539749674499035,
            "max": 13.176498904824257,
            "count": 72
        }
    },
    "metadata": {
        "timer_format_version": "0.1.0",
        "start_time_seconds": "1615806592",
        "python_version": "3.8.7 (tags/v3.8.7:6503f05, Dec 21 2020, 17:59:51) [MSC v.1928 64 bit (AMD64)]",
        "command_line_arguments": "C:\\Users\\bioba\\AppData\\Local\\Programs\\Python\\Python38\\Scripts\\mlagents-learn .\\racer disc.yaml --run-id=RacerDisc8 --resume",
        "mlagents_version": "0.23.0",
        "mlagents_envs_version": "0.23.0",
        "communication_protocol_version": "1.3.0",
        "pytorch_version": "1.7.0+cu110",
        "numpy_version": "1.18.5",
        "end_time_seconds": "1615833413"
    },
    "total": 26821.4725887,
    "count": 1,
    "self": 0.004663800002163043,
    "children": {
        "run_training.setup": {
            "total": 0.014559500000000059,
            "count": 1,
            "self": 0.014559500000000059
        },
        "TrainerController.start_learning": {
            "total": 26821.453365399997,
            "count": 1,
            "self": 59.39452820088627,
            "children": {
                "TrainerController._reset_env": {
                    "total": 9.1588858,
                    "count": 1,
                    "self": 9.1588858
                },
                "TrainerController.advance": {
                    "total": 26752.841989299115,
                    "count": 3435884,
                    "self": 28.709295596640004,
                    "children": {
                        "env_step": {
                            "total": 26724.132693702475,
                            "count": 3435884,
                            "self": 17800.724283103034,
                            "children": {
                                "SubprocessEnvManager._take_step": {
                                    "total": 8894.592800199593,
                                    "count": 3435884,
                                    "self": 124.94305499994152,
                                    "children": {
                                        "TorchPolicy.evaluate": {
                                            "total": 8769.649745199651,
                                            "count": 3435884,
                                            "self": 3097.3988007985445,
                                            "children": {
                                                "TorchPolicy.sample_actions": {
                                                    "total": 5672.250944401107,
                                                    "count": 3435884,
                                                    "self": 5672.250944401107
                                                }
                                            }
                                        }
                                    }
                                },
                                "workers": {
                                    "total": 28.81561039984755,
                                    "count": 3435883,
                                    "self": 0.0,
                                    "children": {
                                        "worker_root": {
                                            "total": 26753.19716879852,
                                            "count": 3435883,
                                            "is_parallel": true,
                                            "self": 11112.74110280052,
                                            "children": {
                                                "steps_from_proto": {
                                                    "total": 0.0008941000000000088,
                                                    "count": 1,
                                                    "is_parallel": true,
                                                    "self": 0.0001356000000010127,
                                                    "children": {
                                                        "_process_vector_observation": {
                                                            "total": 0.0007584999999989961,
                                                            "count": 6,
                                                            "is_parallel": true,
                                                            "self": 0.0007584999999989961
                                                        }
                                                    }
                                                },
                                                "UnityEnvironment.step": {
                                                    "total": 15640.455171898,
                                                    "count": 3435883,
                                                    "is_parallel": true,
                                                    "self": 149.03333379260584,
                                                    "children": {
                                                        "UnityEnvironment._generate_step_input": {
                                                            "total": 323.10597260175155,
                                                            "count": 3435883,
                                                            "is_parallel": true,
                                                            "self": 323.10597260175155
                                                        },
                                                        "communicator.exchange": {
                                                            "total": 14395.970387502035,
                                                            "count": 3435883,
                                                            "is_parallel": true,