{
    "name": "root",
    "metadata": {
        "timer_format_version": "0.1.0",
        "start_time_seconds": "1615564486",
        "python_version": "3.8.7 (tags/v3.8.7:6503f05, Dec 21 2020, 17:59:51) [MSC v.1928 64 bit (AMD64)]",
        "command_line_arguments": "C:\\Users\\bioba\\AppData\\Local\\Programs\\Python\\Python38\\Scripts\\mlagents-learn .\\racer disc.yaml --run-id=RacerDisc1",
        "mlagents_version": "0.23.0",
        "mlagents_envs_version": "0.23.0",
        "communication_protocol_version": "1.3.0",
        "pytorch_version": "1.7.0+cu110",
        "numpy_version": "1.18.5",
        "end_time_seconds": "1615564505"
    },
    "total": 18.8876182,
    "count": 1,
    "self": 0.0037140999999998314,
    "children": {
        "run_training.setup": {
            "total": 0.024087100000000028,
            "count": 1,
            "self": 0.024087100000000028
        },
        "TrainerController.start_learning": {
            "total": 18.859817,
            "count": 1,
            "self": 0.038898000000013866,
            "children": {
                "TrainerController._reset_env": {
                    "total": 7.4854647000000005,
                    "count": 1,
                    "self": 7.4854647000000005
                },
                "TrainerController.advance": {
                    "total": 11.228699399999988,
                    "count": 1717,
                    "self": 0.013264299999942608,
                    "children": {
                        "env_step": {
                            "total": 11.215435100000045,
                            "count": 1717,
                            "self": 6.1302586999998905,
                            "children": {
                                "SubprocessEnvManager._take_step": {
                                    "total": 5.072406200000023,
                                    "count": 1717,
                                    "self": 0.06185709999996014,
                                    "children": {
                                        "TorchPolicy.evaluate": {
                                            "total": 5.010549100000063,
                                            "count": 1717,
                                            "self": 1.0942238000000621,
                                            "children": {
                                                "TorchPolicy.sample_actions": {
                                                    "total": 3.9163253000000005,
                                                    "count": 1717,
                                                    "self": 3.9163253000000005
                                                }
                                            }
                                        }
                                    }
                                },
                                "workers": {
                                    "total": 0.012770200000131737,
                                    "count": 1716,
                                    "self": 0.0,
                                    "children": {
                                        "worker_root": {
                                            "total": 13.087048700000032,
                                            "count": 1716,
                                            "is_parallel": true,
                                            "self": 7.949844500000044,
                                            "children": {
                                                "steps_from_proto": {
                                                    "total": 0.0003878000000003823,
                                                    "count": 1,
                                                    "is_parallel": true,
                                                    "self": 0.00014420000000114896,
                                                    "children": {
                                                        "_process_vector_observation": {
                                                            "total": 0.00024359999999923332,
                                                            "count": 6,
                                                            "is_parallel": true,
                                                            "self": 0.00024359999999923332
                                                        }
                                                    }
                                                },
                                                "UnityEnvironment.step": {
                                                    "total": 5.136816399999988,
                                                    "count": 1716,
                                                    "is_parallel": true,
                                                    "self": 0.07135810000002607,
                                                    "children": {
                                                        "UnityEnvironment._generate_step_input": {
                                                            "total": 0.16085629999995454,
                                                            "count": 1716,
                                                            "is_parallel": true,
                                                            "self": 0.16085629999995454
                                                        },
                                                        "communicator.exchange": {
                                                            "total": 4.522792100000027,
                                                            "count": 1716,
                                                            "is_parallel": true,
                                                            "self": 4.522792100000027
                                                        },
                                                        "steps_from_proto": {
                                                            "total": 0.38180989999998083,
                                                            "count": 1716,
                                                            "is_parallel": true,
                                                            "self": 0.16942149999992218,
                                                            "children": {
                                                                "_process_vector_observation": {
                                                                    "total": 0.21238840000005865,
                                                                    "count": 10296,
                                                                    "is_parallel": true,
                                                                    "self": 0.21238840000005865
                                                                }
                                                            }
                                                        }
                                                    }
                                                }
                                            }
                                        }
                                    }
                                }
                            }
                        }
                    }
                },
                "trainer_threads": {
                    "total": 2.3899999998633348e-05,
                    "count": 1,
                    "self": 2.3899999998633348e-05,
                    "children": {
                        "thread_root": {
                            "total": 0.0,
                            "count": 0,
                            "is_parallel": true,
                            "self": 0.0,