{
    "name": "root",
    "metadata": {
        "timer_format_version": "0.1.0",
        "start_time_seconds": "1615379886",
        "python_version": "3.8.7 (tags/v3.8.7:6503f05, Dec 21 2020, 17:59:51) [MSC v.1928 64 bit (AMD64)]",
        "command_line_arguments": "C:\\Users\\bioba\\AppData\\Local\\Programs\\Python\\Python38\\Scripts\\mlagents-learn .\\racer.yaml --run-id=Racer3",
        "mlagents_version": "0.23.0",
        "mlagents_envs_version": "0.23.0",
        "communication_protocol_version": "1.3.0",
        "pytorch_version": "1.7.0+cu110",
        "numpy_version": "1.18.5",
        "end_time_seconds": "1615379906"
    },
    "total": 19.7806124,
    "count": 1,
    "self": 0.003262299999999385,
    "children": {
        "run_training.setup": {
            "total": 0.020422400000000174,
            "count": 1,
            "self": 0.020422400000000174
        },
        "TrainerController.start_learning": {
            "total": 19.7569277,
            "count": 1,
            "self": 0.050661500000035886,
            "children": {
                "TrainerController._reset_env": {
                    "total": 4.8177252,
                    "count": 1,
                    "self": 4.8177252
                },
                "TrainerController.advance": {
                    "total": 14.83418489999996,
                    "count": 3634,
                    "self": 0.02228710000016676,
                    "children": {
                        "env_step": {
                            "total": 14.811897799999793,
                            "count": 3634,
                            "self": 10.5053179999999,
                            "children": {
                                "SubprocessEnvManager._take_step": {
                                    "total": 4.283329299999974,
                                    "count": 3634,
                                    "self": 0.12119039999999348,
                                    "children": {
                                        "TorchPolicy.evaluate": {
                                            "total": 4.162138899999981,
                                            "count": 3634,
                                            "self": 1.4121133000000672,
                                            "children": {
                                                "TorchPolicy.sample_actions": {
                                                    "total": 2.7500255999999137,
                                                    "count": 3634,
                                                    "self": 2.7500255999999137
                                                }
                                            }
                                        }
                                    }
                                },
                                "workers": {
                                    "total": 0.023250499999919683,
                                    "count": 3633,
                                    "self": 0.0,
                                    "children": {
                                        "worker_root": {
                                            "total": 15.710357000000014,
                                            "count": 3633,
                                            "is_parallel": true,
                                            "self": 6.924697799999967,
                                            "children": {
                                                "steps_from_proto": {
                                                    "total": 0.00024010000000007636,
                                                    "count": 1,
                                                    "is_parallel": true,
                                                    "self": 6.300000000036832e-05,
                                                    "children": {
                                                        "_process_vector_observation": {
                                                            "total": 0.00017709999999970805,
                                                            "count": 6,
                                                            "is_parallel": true,
                                                            "self": 0.00017709999999970805
                                                        }
                                                    }
                                                },
                                                "UnityEnvironment.step": {
                                                    "total": 8.785419100000048,
                                                    "count": 3633,
                                                    "is_parallel": true,
                                                    "self": 0.13348980000004929,
                                                    "children": {
                                                        "UnityEnvironment._generate_step_input": {
                                                            "total": 0.2789390999999588,
                                                            "count": 3633,
                                                            "is_parallel": true,
                                                            "self": 0.2789390999999588
                                                        },
                                                        "communicator.exchange": {
                                                            "total": 7.785693500000042,
                                                            "count": 3633,
                                                            "is_parallel": true,
                                                            "self": 7.785693500000042
                                                        },
                                                        "steps_from_proto": {
                                                            "total": 0.5872967000000004,
                                                            "count": 3633,
                                                            "is_parallel": true,
                                                            "self": 0.18620660000001799,
                                                            "children": {
                                                                "_process_vector_observation": {
                                                                    "total": 0.40109009999998246,
                                                                    "count": 21798,
                                                                    "is_parallel": true,
                                                                    "self": 0.40109009999998246
                                                                }
                                                            }
                                                        }
                                                    }
                                                }
                                            }
                                        }
                                    }
                                }
                            }
                        }
                    }
                },
                "trainer_threads": {
                    "total": 1.2200000000461841e-05,
                    "count": 1,
                    "self": 1.2200000000461841e-05,
                    "children": {
                        "thread_root": {
                            "total": 0.0,
                            "count": 0,
                            "is_parallel": true,
                            "self": 0.0,
                            "children": {
                                "trainer_advance": {
                                    "total": 14.874979600000007,