{
    "name": "root",
    "gauges": {
        "Car.Policy.Entropy.mean": {
            "value": 0.6693008542060852,
            "min": 0.41684505343437195,
            "max": 0.7879242897033691,
            "count": 676
        },
        "Car.IsTraining.mean": {
            "value": 1.0,
            "min": 1.0,
            "max": 1.0,
            "count": 676
        },
        "Car.Policy.ExtrinsicValueEstimate.mean": {
            "value": 0.04313572123646736,
            "min": -0.008298640139400959,
            "max": 0.10739833861589432,
            "count": 675
        },
        "Car.Losses.PolicyLoss.mean": {
            "value": 0.047020270708534456,
            "min": 0.03962203884730116,
            "max": 0.05480206067117655,
            "count": 675
        },
        "Car.Losses.ValueLoss.mean": {
            "value": 0.0006867313826902924,
            "min": 0.00024291319730562262,
            "max": 0.0024427099401085187,
            "count": 675
        },
        "Car.Policy.LearningRate.mean": {
            "value": 1.9952936890322004e-05,
            "min": 1.9952936890322004e-05,
            "max": 2.39967840607865e-05,
            "count": 675
        },
        "Car.Policy.Epsilon.mean": {
            "value": 0.166509678,
            "min": 0.166509678,
            "max": 0.1799892135,
            "count": 675
        },
        "Car.Policy.Beta.mean": {
            "value": 0.0006684458122,
            "min": 0.0006684458122,
            "max": 0.00080189321365,
            "count": 675
        },
        "Car.Environment.EpisodeLength.mean": {
            "value": 8739.0,
            "min": 1659.6666666666667,
            "max": 12116.0,
            "count": 601
        },
        "Car.Environment.CumulativeReward.mean": {
            "value": 26.926097840070724,
            "min": 2.5173663099606833,
            "max": 39.89249759912491,
            "count": 603
        },
        "Car.Policy.ExtrinsicReward.mean": {
            "value": 26.926097840070724,
            "min": 2.5173663099606833,
            "max": 39.89249759912491,
            "count": 603
        }
    },
    "metadata": {
        "timer_format_version": "0.1.0",
        "start_time_seconds": "1615942764",
        "python_version": "3.8.7 (tags/v3.8.7:6503f05, Dec 21 2020, 17:59:51) [MSC v.1928 64 bit (AMD64)]",
        "command_line_arguments": "C:\\Users\\bioba\\AppData\\Local\\Programs\\Python\\Python38\\Scripts\\mlagents-learn .\\racer disc.yaml --run-id=RacerDisc9 --resume",
        "mlagents_version": "0.23.0",
        "mlagents_envs_version": "0.23.0",
        "communication_protocol_version": "1.3.0",
        "pytorch_version": "1.7.0+cu110",
        "numpy_version": "1.18.5",
        "end_time_seconds": "1615977399"
    },
    "total": 34631.983763,
    "count": 1,
    "self": 0.0051838999934261665,
    "children": {
        "run_training.setup": {
            "total": 0.022107600000000005,
            "count": 1,
            "self": 0.022107600000000005
        },
        "TrainerController.start_learning": {
            "total": 34631.9564715,
            "count": 1,
            "self": 83.64739459903649,
            "children": {
                "TrainerController._reset_env": {
                    "total": 6.0624057,
                    "count": 1,
                    "self": 6.0624057
                },
                "TrainerController.advance": {
                    "total": 34542.156182900966,
                    "count": 6759151,
                    "self": 42.24045360182936,
                    "children": {
                        "env_step": {
                            "total": 34499.91572929914,
                            "count": 6759151,
                            "self": 20940.174763397175,
                            "children": {
                                "SubprocessEnvManager._take_step": {
                                    "total": 13514.687559102815,
                                    "count": 6759151,
                                    "self": 212.6665827075194,
                                    "children": {
                                        "TorchPolicy.evaluate": {
                                            "total": 13302.020976395295,
                                            "count": 6759151,
                                            "self": 3527.490948495095,
                                            "children": {
                                                "TorchPolicy.sample_actions": {
                                                    "total": 9774.5300279002,
                                                    "count": 6759151,
                                                    "self": 9774.5300279002
                                                }
                                            }
                                        }
                                    }
                                },
                                "workers": {
                                    "total": 45.053406799148284,
                                    "count": 6759150,
                                    "self": 0.0,
                                    "children": {
                                        "worker_root": {
                                            "total": 34529.508461694175,
                                            "count": 6759150,
                                            "is_parallel": true,
                                            "self": 16933.130878495347,
                                            "children": {
                                                "steps_from_proto": {
                                                    "total": 0.00036689999999950373,
                                                    "count": 1,
                                                    "is_parallel": true,
                                                    "self": 0.00013779999999741221,
                                                    "children": {
                                                        "_process_vector_observation": {
                                                            "total": 0.00022910000000209152,
                                                            "count": 6,
                                                            "is_parallel": true,
                                                            "self": 0.00022910000000209152
                                                        }
                                                    }
                                                },
                                                "UnityEnvironment.step": {
                                                    "total": 17596.377216298828,
                                                    "count": 6759150,
                                                    "is_parallel": true,
                                                    "self": 228.0944683950438,
                                                    "children": {
                                                        "UnityEnvironment._generate_step_input": {
                                                            "total": 495.89384630370694,
                                                            "count": 6759150,
                                                            "is_parallel": true,
                                                            "self": 495.89384630370694
                                                        },
                                                        "communicator.exchange": {
                                                            "total": 15593.876315902426,
                                                            "count": 6759150,
                                                            "is_parallel": true,